id,added,format,title,thumbnail_text,hook,hook_score,title_score,script,on_screen,footage,description,hashtags,tags,pinned_comment,virality_score,why_it_works,inspired_by,sources,hook_runner_up,runtime,opening_text,loop_point,title_options,thumbnail_brief,search_queries,comment_replies,plan_promise
P2026-10-09-01,2026-10-09,ranking,Top 5 Weirdest Ways Animals Sleep 😴,NAP GOALS?,You think you sleep badly? Wait until you see how these 5 animals do it.,57 WORKABLE (Unclassified),100/100,"You think you sleep badly? Wait until you see how these five animals do it.
We're counting down to the strangest sleeper on the planet.
Number five: sea otters.
They float on their backs and often hold paws, so they don't drift apart.
Number four: sperm whales.
They nap upright, like giant floating pillars, for just ten to fifteen minutes.
Number three: the common swift.
This bird can stay airborne for about ten months straight, and scientists think it naps up there.
Number two: frigatebirds.
Researchers caught them sleeping mid-flight, in bursts of about twelve seconds.
That adds up to less than an hour a day.
Number one: wild African elephants.
A study found they sleep only about two hours a day, mostly standing up.
So the strangest sleeper of all? The giant that barely sleeps.
Which one sleeps most like you? Comment below.
And next time you think you sleep badly, wait until you see how these five animals do it.","You sleep badly? 😴
Counting down to #1
#5 Sea otters
Holding paws 🦦
#4 Sperm whales
Upright naps, 10-15 min
#3 Common swift
~10 months in the air
#2 Frigatebirds
12-second naps
< 1 hour a day
#1 Wild elephants
~2 hours, standing up
The giant that barely sleeps
Which one are you? 👇
Wait until you see…","tired person yawning in bed
countdown graphic over a night sky
sea otters floating on their backs
two sea otters holding paws
sperm whale underwater
sperm whales resting vertically in blue water
swift bird flying in the sky
swifts flying in a flock at sunset
frigatebird soaring over the ocean
frigatebird gliding with wide wings
frigatebird silhouette against clouds
african elephants on the savanna
elephant standing still at dusk
elephant herd walking at night
person thinking with a pillow
tired person yawning in bed","The weirdest ways animals sleep: sea otters holding paws, birds that nap mid-flight and elephants sleeping standing up. Here are 5 animals with the strangest sleep habits, counted down to number one.

In this Short: sea otters, sperm whales, the common swift, frigatebirds and wild African elephants, and how each one gets its rest.

Sources:
https://www.sciencedaily.com/releases/2016/08/160803111738.htm
https://www.sciencedaily.com/releases/2017/03/170302115731.htm
https://www.nationalgeographic.com/photography/article/sperm-whales-nap-sleeping-photography-spd",#shorts #animals #sleep #animalfacts,"how animals sleep, weird animal sleep, animals that sleep standing up, sea otters holding hands, sperm whales sleeping vertically, frigatebird sleeps while flying, common swift 10 months flight, how long do elephants sleep, animal facts, top 5 animals, animal sleep habits, funny animal facts","Bonus fact: frigatebirds can sleep with just one half of their brain at a time, so one eye stays open to watch where they're flying. Which animal surprised you most?",7,"Animal-facts rankings stay evergreen and the funny-reaction outliers today (snake scare short at 166x its channel median) show light, surprising animal moments travel; a countdown with a 12-second-nap payoff keeps people to the end.",She Wasn't Scared… Until She Saw the SNAKE (166x median); Things thrown into a Volcano (list format),https://www.mentalfloss.com/animals/15-amazing-sleeping-habits-animals ; https://mymodernmet.com/sea-otters-hold-hands/ ; https://montereybay.noaa.gov/visitor/slideshow/pages/15.html ; https://www.nationalgeographic.com/photography/article/sperm-whales-nap-sleeping-photography-spd ; https://research-portal.st-andrews.ac.uk/en/publications/stereotypical-resting-behavior-of-the-sperm-whale/ ; https://www.csmonitor.com/Science/2016/1027/Common-swifts-airborne-life-Eat-sleep-and-mate-without-touching-Earth ; https://www.sciencedaily.com/releases/2016/08/160803111738.htm ; https://www.pbs.org/wgbh/nova/article/huge-seabird-flies-for-months-at-a-time-by-napping-in-12-second-bursts ; https://www.sciencedaily.com/releases/2017/03/170302115731.htm,"Five animals that sleep so weirdly, you'll never complain about your pillow again. [42 WEAK (The Impossible Claim)]",~65 s (162 words at 150 wpm),Nap champions? 🏆,"Last line repeats the hook ('wait until you see how these five animals do it'), so the replay lands on the opening countdown.",Top 5 Weirdest Ways Animals Sleep 😴 (100) | Top 5 Animals With the Strangest Sleep (100) | This Bird Naps for 12 Seconds Mid-Air (100),"Subject: a sea otter floating on its back, eyes closed, paws together, filling the left two-thirds, cropped tight from the chest up. Text 'NAP GOALS?' in heavy white letters with a black outline, top right. Background: blurred deep-blue water so the white text and brown fur pop at feed size; no busy kelp behind the text.",how do animals sleep | animals that sleep standing up | weirdest animal sleep habits,"Q: Do elephants ever lie down? → Yes! In the study they lay down to sleep only every few days, so most of their sleep happened standing up.
Q: How can a bird sleep while flying? → Frigatebirds can rest one half of their brain at a time, keeping one eye open while they glide.","Five animals whose sleep habits beat your worst night, ending on the one that barely sleeps."
P2026-10-09-02,2026-10-09,funny,5 Funny Town Names With Wild Backstories,"WAIT, REAL?!","These 5 real town names sound made up, but you could drive to every single one of them.",48 WEAK (Unclassified),100/100,"These five real town names sound made up, but you could drive to every single one of them.
Every name has a true story.
Number five: Accident, Maryland.
Two survey teams in the seventeen-fifties measured the same land by mistake. Hence, Accident.
Number four: Hot Coffee, Mississippi.
A shop owner sold hot coffee to travelers, and the town took the name.
Number three: Why, Arizona.
It sits where two highways form a Y. But names needed at least three letters, so Y became W-H-Y.
Number two: Truth or Consequences, New Mexico.
In nineteen-fifty, a radio show offered to broadcast from any town that took its name. Hot Springs said yes.
Number one: Boring, Oregon.
It's officially partnered with Dull, Scotland, and Bland, Australia. Yes, really.
So the funniest name? Boring. Which is anything but.
Which would you want on your address? Drop it below.
Because these five real town names sound made up, but you could drive to every single one of them.","5 REAL towns 😂
True stories behind them
#5 Accident, MD
Same land, measured twice
#4 Hot Coffee, MS ☕
Coffee for travelers
#3 Why, AZ
Y-shaped roads → WHY
#2 Truth or Consequences, NM
Renamed for a radio show
#1 Boring, OR
Friends with Dull & Bland
Boring wins!
Pick your address 👇
Real towns, real names","road sign on a country highway
vintage map on a wooden table
small rural town in the mountains
old surveyor tools and green farmland
cup of steaming hot coffee
old country store on a rural road
arizona desert with cactus
desert highway intersection
desert town in new mexico
vintage radio on a table
small oregon town with forest
scottish highland village and australian countryside
person laughing at a road sign
person writing an address on an envelope
car driving down an open highway","The funniest real town names in America, and the true stories behind them. From Accident, Maryland to Boring, Oregon, these 5 real town names sound fake, but you can visit every one.

In this Short: Accident (MD), Hot Coffee (MS), Why (AZ), Truth or Consequences (NM) and Boring (OR), partnered with Dull and Bland.

Sources:
https://en.wikipedia.org/wiki/Accident,_Maryland
https://www.torcnm.gov/explore/about_torc/name/index.php
https://mprnews.org/story/2017/07/28/dull-boring-and-bland-forge-international-alliance",#shorts #funny #funfacts #travel,"funny town names, weird town names, real town names that sound fake, boring oregon, dull and boring, why arizona, truth or consequences new mexico, hot coffee mississippi, accident maryland, strange place names, top 5 funny, funny facts, usa road trip","Bonus: Boring, Oregon is named after a settler called William Boring, not because nothing happens there. What's the funniest town name you've ever driven through?",8,"Today's top breakouts are light comedy (166x and 55x their channel medians), and a funny Top 5 with real, verifiable punchlines gives that laugh with a comment-bait payoff ('which address would you pick').",She Wasn't Scared… Until She Saw the SNAKE (166x); She's STILL Dancing Macarena (55.5x); The List formula,"https://en.wikipedia.org/wiki/Accident,_Maryland ; https://preservationmaryland.org/maryland-towns-with-unusual-names-accident/ ; https://en.wikipedia.org/wiki/Hot_Coffee,_Mississippi ; https://azdot.gov/adot-blog/transportation-why-behind-why-arizona ; https://en.wikipedia.org/wiki/Why,_Arizona ; https://www.torcnm.gov/explore/about_torc/name/index.php ; https://en.wikipedia.org/wiki/Truth_or_Consequences,_New_Mexico ; https://mprnews.org/story/2017/07/28/dull-boring-and-bland-forge-international-alliance ; https://en.wikipedia.org/wiki/Boring,_Oregon",Imagine telling people you're from a town called Accident. 5 real places with the funniest names. [45 WEAK (Unclassified)],~65 s (163 words at 150 wpm),These are real?!,"Closing line repeats the hook word for word, so the replay picks straight back up at the town countdown.","5 Funny Town Names With Wild Backstories (100) | Why Is There a Town Called Why? (98, no-number) | Would You Live in Accident, Maryland? (98, no-number)","Subject: a classic green road sign standing alone on an empty highway, shot from a low angle against a bright blue sky, sign face left blank so it reads as a sign at feed size. Text 'WAIT, REAL?!' in yellow with a black outline across the top third. Background: plain blue sky for maximum contrast; no other signs or clutter.",funny town names | funniest town names in america | real town names that sound fake,"Q: Is Boring named after being boring? → Nope, it's named after a settler called William Boring. The name just works out nicely.
Q: Is Why really on a Y? → The town grew up where two highways met in a Y shape, which is exactly where the name came from.","Five real US towns with ridiculous names, each with the true story of how it got that name."
P2026-10-09-03,2026-10-09,story,The Great Rubber Duck Escape of 1992 🦆,LOST AT SEA,"A storm knocked 28,800 bath toys off a ship, and they ended up teaching you how the ocean moves.",48 WEAK (The Statistic),100/100,"A storm knocked twenty-eight thousand eight hundred bath toys off a ship, and they ended up teaching you how the ocean moves.
Here's how they became a science experiment.
It's January, nineteen ninety-two.
A cargo ship from Hong Kong hits a storm in the North Pacific.
Containers tumble into the sea, and one is full of plastic toys.
Yellow ducks, blue turtles, red beavers and green frogs.
The box breaks, and they float away.
Ten months later, the first ones wash up in Alaska.
Ocean scientist Curtis Ebbesmeyer gets curious.
He asks beachcombers to report every toy.
Each sighting shows where the currents carried them.
Some circled the North Pacific in a giant loop of current, and some may have drifted into the Arctic ice.
So a lost box of bath toys helped map how the ocean moves.
Found one on the beach? What would you name it? Tell me below.
Because a storm knocked twenty-eight thousand eight hundred bath toys off a ship…","28,800 toys overboard 🦆
Ducks → science
January 1992
Storm, North Pacific 🌊
One container of toys
Ducks, turtles, beavers, frogs
Floating free
~10 months later: Alaska
Curtis Ebbesmeyer, ocean scientist
Report every toy!
Mapping the currents
The North Pacific loop
Toys mapped the ocean
Name your duck 👇
28,800 toys…","yellow rubber duck floating on water
pile of rubber ducks
calendar page turning
cargo ship in a stormy ocean with big waves
shipping containers on a cargo ship
colorful plastic bath toys
rubber ducks drifting on the ocean
rocky beach in alaska
scientist looking at a map
person walking on a beach collecting things
ocean current map animation
swirling ocean water from above and arctic sea ice
rubber duck on sand
person holding a rubber duck on a beach
yellow rubber duck floating on water","In 1992, 28,800 bath toys, including rubber ducks, were lost at sea in the Pacific, and scientists used them to track ocean currents. This is the true story of the Friendly Floatees.

In this Short: the storm, the toys, the first ones washing up in Alaska, and how beachcombers' sightings helped map the currents.

This is a true story.

Sources:
https://britishseafishing.co.uk/the-friendly-floatees/
https://knowledgestew.substack.com/p/the-great-rubber-ducky-journey
https://www.greenworldwide.com/?p=2167",#shorts #ocean #truestory #science,"rubber ducks lost at sea, friendly floatees, 28800 rubber ducks, rubber duck ocean currents, curtis ebbesmeyer, rubber duck story, ocean currents explained, north pacific gyre, true story shorts, ocean science, lost cargo ship toys, weird history","Bonus fact: the toys were called Friendly Floatees, and collectors still hunt for faded ones that wash up. If you found one, would you keep it or give it to a scientist?",8,"Question-led 'how did this happen' Shorts are breaking out today (How Was This Scene Actually Shot? at 41x median), and this true, kid-safe story answers a big curiosity gap with a single playful image.","How Was This Koyla Scene Actually Shot? (41.2x, The Question); Bid for Island Survival",https://britishseafishing.co.uk/the-friendly-floatees/ ; https://knowledgestew.substack.com/p/the-great-rubber-ducky-journey ; https://geosirius.ifz.ru/1992-rubber-duck-disaster-still-matters-ocean-science-today ; https://www.greenworldwide.com/?p=2167,"What happens when 28,800 bath toys get lost at sea? They became a science experiment. [45 WEAK (The Statistic)]",~66 s (164 words at 150 wpm),True story 🦆,"Ends mid-sentence on the hook's first half, so the replay completes it with the opening line.","The Great Rubber Duck Escape of 1992 🦆 (100) | A Storm, a Ship and 28,800 Ducks (100) | 28,800 Bath Toys Fell Into the Ocean in 1992 (98, mobile)","Subject: one yellow rubber duck bobbing on a dark, choppy wave, centred and large, slight low angle so it looks brave and small. Text 'LOST AT SEA' in white with a black outline across the top. Background: dark grey-blue storm sea and sky so the yellow duck is the brightest thing in the frame at feed size.",rubber ducks lost at sea | friendly floatees | rubber ducks ocean currents,"Q: Were they all ducks? → No, there were four kinds: yellow ducks, blue turtles, red beavers and green frogs. The ducks just got famous.
Q: Can you still find them? → Collectors do still hunt for faded ones, though after this long, sightings are rare.","The true story of 28,800 lost bath toys that helped scientists map how the ocean moves."
P2026-10-09-04,2026-10-09,quiz,3 School Facts That Are Actually False,REAL OR MYTH?,"3 facts you probably still believe, and you have 3 seconds to guess which are false.",57 WORKABLE (The List),100/100,"Three facts you probably still believe, and you have three seconds to guess which are false.
Say true or false out loud before the timer runs out.
Fact one: goldfish only remember things for three seconds.
Three, two, one.
False! Scientists have trained goldfish to respond to sounds and remember them for months.
Fact two: you can see the Great Wall of China from space with your bare eyes.
Three, two, one.
False again! From orbit it's very hard to spot, because it's narrow and the same color as the land around it.
Fact three: bulls get angry when they see the color red.
Three, two, one.
Also false! Bulls can't see red the way you do. It's the cape's movement that gets their attention.
So the answer: all three are false.
How many did you get right? Zero, one, two or three? Be honest in the comments.
Here's another round: three facts you probably still believe…","3 ""facts"" you still believe
Say it out loud! 🗣️
Fact 1: Goldfish = 3-second memory
3… 2… 1…
❌ FALSE: months!
Fact 2: Great Wall visible from space
3… 2… 1…
❌ FALSE: too narrow
Fact 3: Bulls hate red
3… 2… 1…
❌ FALSE: it's the movement
All 3 = FALSE
Your score? 👇
Round 2…","student raising hand in a classroom
countdown timer graphic
goldfish swimming in a bowl
countdown timer
goldfish swimming toward a person's hand
great wall of china winding over hills
countdown timer
earth seen from space at night
bull standing in a field
countdown timer
cattle walking and moving in a field
three red X marks on a chalkboard
person counting on fingers
student raising hand in a classroom","Common myths debunked in a quick true-or-false quiz: the goldfish 3-second memory, seeing the Great Wall of China from space, and bulls hating red. How many did you get right?

In this Short: three school 'facts', a 3-second countdown for each, and what the science actually says.

Sources:
https://www.livescience.com/goldfish-memory.html
https://www.skyatnightmagazine.com/space-science/can-you-see-great-wall-china-from-space
https://wonderopolis.org/wonder/do-bulls-hate-the-color-red",#shorts #quiz #trueorfalse #myths,"true or false quiz, common myths debunked, goldfish 3 second memory myth, great wall of china visible from space, do bulls hate red, myths you learned in school, fun quiz, trivia quiz, science myths, facts that are wrong, quiz shorts, can you pass this quiz","Bonus: astronauts say that from orbit, city lights and big highways are far easier to spot than the Great Wall. Which of these myths fooled you the longest?",8,"'Wrong Knowledge you Got from School' is a recurring breakout theme in today's feed, and quiz countdowns make viewers stay to check their answer and post their score.","Wrong Knowledge you Got for School - Part 1; Si dices el mismo jugador… PIERDES! (2.3x, game/quiz format)",https://www.livescience.com/goldfish-memory.html ; https://www.howitworksdaily.com/why-goldfish-having-a-three-second-memory-is-a-myth/ ; https://www.skyatnightmagazine.com/space-science/can-you-see-great-wall-china-from-space ; https://www.universetoday.com/25364/can-you-see-the-great-wall-of-china-from-space/ ; https://wonderopolis.org/wonder/do-bulls-hate-the-color-red ; https://www.scienceabc.com/nature/animals/do-bulls-really-hate-red-colour-blind.html,Most people get at least 2 of these 3 wrong. Let's see how you do. [51 WEAK (Unclassified)],~63 s (157 words at 150 wpm),Quick quiz ⏱️,"Final line restarts the hook as 'another round', so the replay feels like round two.",3 School Facts That Are Actually False (100) | Goldfish 3-Second Memory? Think Again (100) | Quiz: 3 Myths Your Teacher Got Wrong (100),"Subject: an orange goldfish in a round bowl, side-on, looking straight at the camera, large in the right half of the frame. Text 'REAL OR MYTH?' in white with a black outline on the left, stacked on two lines. Background: plain light-blue wall behind the bowl so the orange fish and white text both hold at feed size.",common myths debunked | goldfish 3 second memory myth | can you see the great wall of china from space,"Q: So what colors can bulls see? → Cattle see mainly blues and yellows. Red looks dull to them, so the waving cape is what they react to.
Q: Can astronauts see anything man-made from orbit? → Yes, things like big cities at night and large airports are much easier to spot.","A 3-second true-or-false quiz on three school 'facts', revealing that all three are myths."
P2026-10-09-05,2026-10-09,tips,3 Memory Tricks to Remember Anything,NEVER FORGET,"If you've ever forgotten someone's name 5 seconds after hearing it, you need these 3 tricks.",50 WEAK (The Direct Address),100/100,"If you've ever forgotten someone's name five seconds after hearing it, you need these three tricks.
They come from real memory research.
Trick one: test yourself instead of rereading.
In one famous study, students who quizzed themselves remembered more a week later than students who just reread.
Meet someone? Say their name back, then recall it a minute later.
Trick two: chunk it.
Your brain juggles only a handful of things at once, so phone numbers come in little groups.
Long code? Shopping list? Break it into chunks of three or four.
Trick three: build a memory palace.
Picture your home, and put each thing you want to remember in a different room.
Memory champions use it, and in one study, regular people who practiced got way better at lists.
That's the set: test yourself, chunk it, and build a memory palace.
Which trick are you trying first? Tell me in the comments.
Because if you've ever forgotten someone's name five seconds after hearing it…","Forgot their name? 🫠
Backed by memory research
Trick 1: Test yourself
Quizzing beats rereading
Say the name back
Trick 2: Chunk it
555 · 123 · 4567
Groups of 3 or 4
Trick 3: Memory palace 🏠
One item per room
Used by memory champions
Test · Chunk · Palace
Which one first? 👇
Forgot their name?","two people shaking hands and introducing themselves
brain illustration with soft glow
student taking a quiz with flashcards
students studying in a library
two people chatting and smiling
colorful blocks being grouped together
phone keypad close-up
shopping list on a notepad
cozy living room
walking through rooms of a house
person closing eyes and imagining
three icons on a notebook page
person typing on a phone
two people shaking hands and introducing themselves","How to remember names and anything else, with 3 memory tricks from real memory research: retrieval practice, chunking and the memory palace technique. Try one today.

In this Short: why quizzing yourself beats rereading, how chunking works, and the memory palace trick memory champions use.

Sources:
https://www.college-de-france.fr/media/stanislas-dehaene/UPL6293615129514070709_Roediger.pdf
https://www.livescience.com/58177-ordinary-people-can-improve-memory-abilities.html
https://nesslabs.com/improve-memory",#shorts #memory #studytips #lifehacks,"memory tricks, how to remember names, how to remember anything, memory palace technique, method of loci, chunking memory, retrieval practice, study tips, how to study better, testing effect, memory champion tricks, brain tips, learning tips",Quick test: what were the three tricks in this video? Answer without scrolling back. That's trick one in action!,7,"School-life and 'wrong knowledge from school' Shorts are surfacing in today's outliers, and a useful study-hack list with a direct-address hook gives viewers a reason to save and share.","Wrong Knowledge you Got for School - Part 1; INDIAN MOMS THINGS (school life, 5.4x)",https://www.college-de-france.fr/media/stanislas-dehaene/UPL6293615129514070709_Roediger.pdf ; https://www.livescience.com/58177-ordinary-people-can-improve-memory-abilities.html ; https://nesslabs.com/improve-memory ; https://num8ers.com/encoding-memories/,"You forget most of what you read within a day, unless you use these 3 tricks. [54 WEAK (Unclassified)] - scored higher but not used: 'most of what you read within a day' is a claim we can't back with a source",~66 s (165 words at 150 wpm),Name gone already?,"Ends on the hook's setup ('forgotten someone's name five seconds after hearing it…'), which the replay answers.",3 Memory Tricks to Remember Anything (100) | 3 Science-Backed Ways to Remember More (100) | The Memory Palace Trick in 60 Seconds (100),"Subject: a hand-drawn style brain with a small house drawn inside it, centred, on a clean background. Text 'NEVER FORGET' in bold dark navy letters along the bottom. Background: flat warm-yellow so the navy text and the line drawing read clearly at feed size.",how to remember names | memory tricks to remember anything | memory palace technique,"Q: How long does a memory palace take to learn? → In the study people trained for about six weeks, but you can try a five-item list in your own home today.
Q: Does chunking work for words too? → Yes, grouping a list into small sets (like by aisle for shopping) makes it easier to hold.","Three research-backed memory tricks you can use today, starting with never forgetting a name."
P2026-10-09-06,2026-10-09,explainer,Is That Really What I Sound Like?,SKULL BASS,You've never actually heard your own voice. Not once. Here's why.,58 WORKABLE (The Impossible Claim),98/100,"You've never actually heard your own voice. Not once. Here's why.
Not the way everyone else hears it, and it's down to your skull.
When you talk, your voice reaches your ears in two ways.
First, through the air, just like any other sound.
Second, through your own head. The vibrations travel through the bones of your skull, straight to your inner ear.
And bone is great at carrying the low, deep parts of your voice.
So to you, your voice sounds richer and a bit deeper.
A recording only catches the air part. No skull, no extra bass.
That's why it sounds higher and thinner, and kind of not like you.
So, is that really what you sound like? Yes. The recording is much closer to what your friends hear every day.
And that voice you cringe at? They already love it.
Be honest, do you skip your own voice messages? Tell me in the comments.
Because you've never actually heard your own voice…","You've never heard your voice
It's your skull 💀
2 paths to your ears
Path 1: Air
Path 2: Bone conduction
Bone carries the bass
Deeper to you
Recording = air only
Higher & thinner
Yes, that's really you
Friends love it 💛
Skip your voice notes? 👇
Never heard your voice…","person listening to a recording and cringing
human skull model close-up
person talking to a friend
sound waves traveling through air animation
ear anatomy illustration
person humming with eyes closed
person speaking warmly to a friend
person speaking into a microphone
audio waveform on a screen
person surprised by a recording
group of friends talking and laughing
person scrolling voice messages on a phone
person listening to a recording and cringing","Why does your voice sound different on recordings, and why do so many of us hate our recorded voice? Bone conduction: your skull adds deep tones only you can hear.

In this Short: the two ways your voice reaches your ears, why recordings sound higher and thinner, and why that cringe is normal.

Sources:
https://scientificamerican.com/article/why-does-my-voice-sound-different
https://wonderopolis.org/wonder/why-does-my-voice-sound-different-on-a-recording
https://en.wikipedia.org/wiki/Voice_confrontation",#shorts #science #explained #voice,"why does my voice sound different on recordings, why do i hate my voice, bone conduction, recorded voice sounds weird, voice confrontation, why does my voice sound higher on video, science explained, how hearing works, science facts, human body facts, voice science","Bonus fact: scientists even have a name for that cringe. It's called voice confrontation. So yes, it's normal and almost everyone feels it!",8,"'The Question' formula is driving one of today's biggest outliers (How Was This Scene Actually Shot? at 41x), and this answers a question almost everyone has asked themselves, with a 'never heard your own voice' impossible-claim hook.","How Was This Koyla Scene Actually Shot? (41.2x, The Question)",https://scientificamerican.com/article/why-does-my-voice-sound-different ; https://wonderopolis.org/wonder/why-does-my-voice-sound-different-on-a-recording ; https://www.scienceabc.com/humans/why-do-we-hate-our-own-voice ; https://en.wikipedia.org/wiki/Voice_confrontation,That cringe when you hear your recorded voice? 2 things are happening at once. [47 WEAK (Unclassified)],~66 s (165 words at 150 wpm),That's not you? 🎙️,"Ends on the hook's claim cut short, so the replay restarts the 'here's why'.","Is That Really What I Sound Like? (98, no-number) | Why You Hate Hearing Your Own Voice (94, no-number) | You've Never Heard Your Real Voice 🎙️ (94, no-number)","Subject: a person (shot from behind or with face cropped out, faceless channel) holding a phone to their ear, with a large sound-wave graphic coming off the phone. Text 'SKULL BASS' in white with a black outline, top. Background: solid purple-to-black gradient so the white waveform and text hold at feed size.",why does my voice sound different on recordings | why do i hate my recorded voice | bone conduction voice,"Q: Is the recording my real voice then? → It's much closer to what other people hear, since they only get the air-carried sound, not the bone-carried bass.
Q: Does everyone feel this cringe? → It's so common that scientists have a name for it: voice confrontation.","Why your recorded voice sounds strange to you, and why it's the voice everyone else already knows."
P2026-10-09-07,2026-10-09,ranking,5 Peppers That Make Jalapeños Look Mild,2.7 MILLION?!,You think jalapeños are hot? The pepper at number one is hundreds of times hotter.,40 WEAK (The Superlative),100/100,"You think jalapeños are hot? The pepper at number one is hundreds of times hotter.
Let's count down five peppers that make a jalapeño look mild.
Pepper heat is measured in Scoville units, and a jalapeño is only a few thousand.
Number five: the habanero. Up to around three hundred fifty thousand.
Already way too much for most people.
Number four: the ghost pepper. Around one million.
It was the first pepper ever measured over a million.
Number three: the Trinidad Moruga Scorpion. Around one point two million, with a little stinger-like tail.
Number two: the Carolina Reaper. About one point six million.
It held the world record for about ten years.
Number one: Pepper X. About two point seven million.
That's the hottest pepper in the world, according to Guinness.
Please, admire these with your eyes, not your mouth.
What's the hottest thing you've ever eaten? Tell me below.
And if you think jalapeños are hot…","Jalapeño vs #1? 🌶️
5 peppers, counting down
Jalapeño: a few thousand
#5 Habanero ~350,000
Already too much
#4 Ghost pepper ~1,000,000
First over 1 million
#3 Moruga Scorpion ~1,200,000
#2 Carolina Reaper ~1,600,000
Record for ~10 years
#1 Pepper X ~2,700,000 🔥
World's hottest (Guinness)
Look, don't taste 👀
Hottest thing you've eaten? 👇
Jalapeños are hot?","green jalapeño peppers on a cutting board
row of colorful chili peppers
sliced jalapeño close-up
orange habanero peppers
person fanning their mouth
red ghost peppers on a wooden table
heat meter rising graphic
wrinkly red scorpion peppers close-up
red carolina reaper peppers
trophy on a table
bright yellow-green superhot pepper
flames in slow motion
person looking at peppers from a safe distance
person drinking a glass of milk
green jalapeño peppers on a cutting board","The hottest peppers in the world ranked by Scoville heat, from the habanero to Pepper X, the hottest pepper in the world according to Guinness. Admire them, don't eat them!

In this Short: habanero, ghost pepper, Trinidad Moruga Scorpion, Carolina Reaper and Pepper X, compared with a jalapeño.

Sources:
https://en.wikipedia.org/wiki/Hottest_chili_pepper
https://en.wikipedia.org/wiki/Pepper_X
https://accuweather.com/en/weather-news/guinness-world-records-declares-pepper-x-as-worlds-new-hottest-chili-pepper/1588288",#shorts #peppers #spicy #top5,"hottest pepper in the world, hottest peppers ranked, scoville scale, pepper x, carolina reaper, ghost pepper, trinidad moruga scorpion, habanero heat, spiciest pepper, top 5 peppers, spicy food facts, how hot is pepper x","Bonus fact: chili heat comes from a chemical called capsaicin, and birds barely feel it at all, which helps them spread pepper seeds. Hottest thing you've ever tried?",8,"Food and eating challenges are all over today's outliers (UNO food and bite challenge, Pasta challenge, 40 MOMO), and a countdown with a giant-number payoff (2.7 million) keeps people to number one.",Hostel girls- Pasta challenge! (2.0x); UNO FOOD AND BITE CHALLENGE; 40 MOMO (The List),https://en.wikipedia.org/wiki/Hottest_chili_pepper ; https://en.wikipedia.org/wiki/Pepper_X ; https://accuweather.com/en/weather-news/guinness-world-records-declares-pepper-x-as-worlds-new-hottest-chili-pepper/1588288 ; https://www.tastingtable.com/1422758/carolina-reaper-lost-spot-new-world-record-hottest-pepper/,"You think jalapeños are hot? The pepper at number one is about 300 times hotter. [45 WEAK (The Superlative)] - scored higher but not used: '300 times' understates the real gap (Pepper X is ~340-1,000x a jalapeño)",~64 s (161 words at 150 wpm),Hot? Think again 🔥,"Ends on the hook's question, so the replay answers it with the countdown again.","5 Peppers That Make Jalapeños Look Mild (100) | 5 Hottest Peppers on Earth, Ranked (100) | Top 5 Hottest Peppers Ever Measured 🌶️ (100)","Subject: one wrinkly red superhot pepper, extreme close-up, angled diagonally across the frame with a tiny wisp of flame graphic at its tip. Text '2.7 MILLION?!' in bright yellow with a thick black outline, top. Background: solid black so the red pepper and yellow number are the only bright things at feed size.",hottest pepper in the world | hottest peppers ranked | pepper x scoville,"Q: What makes peppers hot? → A chemical called capsaicin. The more a pepper has, the higher its Scoville number.
Q: Why does milk help? → Proteins in milk help wash capsaicin away, while water mostly just spreads it around.","Five superhot peppers counted down by Scoville heat, ending on the world record holder."
P2026-10-09-08,2026-10-09,funny,Top 5 Funniest Real Sports on Earth,WORLD CHAMPS?!,You could become a world champion at one of these 5 ridiculous sports.,45 WEAK (Unclassified),100/100,"You could become a world champion at one of these five ridiculous sports.
All real, counting down to the silliest.
Number five: extreme ironing. Ironing clothes on mountains, underwater, anywhere.
It started in England in nineteen ninety-seven.
Number four: underwater hockey. Players with snorkels push a puck along the bottom of a pool.
Divers invented it in the nineteen-fifties to stay fit in winter.
Number three: toe wrestling. Two people lock toes and try to pin the other foot down.
An English village made it up in the seventies, so England could finally be world champions at something.
Number two: bog snorkeling. Two lengths of a muddy trench in Wales, with flippers, and no normal swimming strokes.
Number one: gurning. A world championship for pulling the funniest face, at a fair that dates back to twelve sixty-seven.
So the silliest sport on Earth? Making faces, for a trophy.
Which one would you win? Tell me below.
Because you could become a world champion…","Future world champ? 🏆
All real. Counting down.
#5 Extreme ironing 🧺
Since 1997
#4 Underwater hockey
Invented by divers
#3 Toe wrestling
So England could win 😂
#2 Bog snorkeling, Wales
#1 Gurning: funniest face wins
Faces. For a trophy.
Which would YOU win? 👇
World champion…","people cheering at a quirky outdoor competition
trophy on a table
ironing board on a mountain top
person ironing a shirt outdoors
snorkelers swimming underwater in a pool
scuba divers in a pool
bare feet close-up
english village green
person with a snorkel and flippers in muddy water
person pulling a funny face at a village fair
person laughing hard
person typing on a phone
people cheering at a quirky outdoor competition","Funny, weird sports from around the world that actually exist, with real world championships: extreme ironing, underwater hockey, toe wrestling, bog snorkelling and gurning.

In this Short: 5 funny real sports counted down to the silliest, with when and where each one started.

Sources:
https://en.wikipedia.org/wiki/Toe_wrestling
https://en.wikipedia.org/wiki/Underwater_hockey
https://www.guinnessworldrecords.com/world-records/758640-longest-running-gurning-world-championships",#shorts #funny #sports #weirdfacts,"weird sports that exist, funny sports, strange sports around the world, toe wrestling, bog snorkelling, extreme ironing, underwater hockey, gurning championship, unusual sports, top 5 funny, real sports that sound fake, world championships, funny facts","Bonus: underwater hockey is also called Octopush in the UK. If you invented a silly sport, what would it be called?",8,"Light, kind comedy dominates today's breakouts (snake-scare short at 166x, Macarena challenge at 55x), and silly-but-true sports deliver that laugh with real facts and an easy 'which would you win' comment prompt.",She Wasn't Scared… Until She Saw the SNAKE (166x); She's STILL Dancing Macarena (55.5x); Bid for Island Survival,https://en.wikipedia.org/wiki/Extreme_ironing ; https://en.wikipedia.org/wiki/Underwater_hockey ; https://en.wikipedia.org/wiki/Toe_wrestling ; https://www.topendsports.com/sport/unusual/toe-wrestling.htm ; https://www.wikipedia.com/wiki/Bog_snorkeling ; https://news4jax.com/news/weird-news/2023/08/27/competitors-get-down-and-dirty-at-britains-bog-snorkeling-championships ; https://www.guinnessworldrecords.com/world-records/758640-longest-running-gurning-world-championships ; https://en.wikipedia.com/wiki/Gurn,"5 real sports so silly, you'll want to sign up right now. [44 WEAK (The List)]",~65 s (163 words at 150 wpm),These are REAL sports,"Ends on the hook's first half, so the replay finishes the sentence and restarts the countdown.","Top 5 Funniest Real Sports on Earth (100) | 5 Real Sports That Sound Totally Made Up (100) | Top 5 Weirdest Sports That Actually Exist (98, mobile)","Subject: two bare feet with toes locked together, close-up, side-on, filling the lower half of the frame. Text 'WORLD CHAMPS?!' in white with a black outline, top half. Background: plain bright green so the skin tones and white text separate cleanly at feed size.",weird sports that exist | funny sports around the world | toe wrestling,"Q: Can anyone enter these? → Most of these championships welcome first-timers, so check each event's own rules if you're tempted!
Q: What's gurning? → Pulling the funniest face you can. Traditionally contestants pull their faces through a horse collar.","Five real sports with real world championships, counted down to the silliest one."
P2026-10-09-09,2026-10-09,story,The Cave Found by 4 Teenagers in 1940,WALLS OF ART,"What would you do if you found a hole in the ground with 17,000-year-old paintings inside?",56 WORKABLE (The Question),100/100,"What would you do if you found a hole in the ground with seventeen-thousand-year-old paintings inside?
In nineteen-forty, four teenagers in France actually did. Here's what happened.
It's September, near the village of Montignac.
Teenager Marcel finds a hole. The story goes, his dog Robot led him there.
Days later, he returns with three friends and a lamp.
They squeeze down into the dark.
The walls are covered in hundreds of painted animals. Horses, bulls, deer, in red, yellow and black.
They'd found Lascaux, with paintings around seventeen thousand years old.
Soon, crowds of visitors came.
But all that breath and body heat started damaging the paintings.
So in nineteen sixty-three, the cave was closed to the public.
Today, visitors see exact replicas instead.
Four teens, one lamp, and one of the greatest art discoveries ever.
What would you paint for people seventeen thousand years from now? Tell me below.
And what would you do if you found a hole in the ground…","17,000-year-old art?
4 teens, 1940, France
September, Montignac
Marcel + his dog Robot 🐕
3 friends + 1 lamp
Into the dark
Walls full of animals
Lascaux: ~17,000 years old
Crowds arrive
Breath + heat = damage
Closed in 1963
Replicas keep it safe
4 teens, 1 lamp, 1 discovery
What would YOU paint? 👇
A hole in the ground…","entrance of a small cave in a forest
french countryside with green hills and woods
small french village
dog sniffing in the woods
old oil lamp glowing
narrow cave passage lit by a flashlight
prehistoric cave paintings of horses and bulls
wide view of a painted cave ceiling
tourists walking into a museum
close-up of ancient cave paintings
closed gate at a cave entrance
visitors in a modern museum with replica cave art
flickering lamp light on a rock wall
person sketching on paper
entrance of a small cave in a forest","Who discovered Lascaux? In 1940, four teenagers in France found cave paintings around 17,000 years old. This is the true story of the Lascaux cave discovery, and why the real cave is closed today.

In this Short: Marcel and his dog Robot, the first look at the painted walls, and why visitors now see replicas.

This is a true story.

Sources:
https://en.wikipedia.org/wiki/Lascaux
https://www.historytoday.com/node/53687
https://catherinewilsongarry.substack.com/p/four-boys-and-a-dog-called-robot",#shorts #history #truestory #art,"lascaux cave, lascaux cave paintings, how lascaux was discovered, prehistoric cave art, 17000 year old paintings, cave paintings france, marcel ravidat, robot the dog lascaux, ancient art, history shorts, true story shorts, archaeology discoveries",Bonus fact: one of the most famous images in Lascaux is a huge painted bull more than five meters long. What would you put on a wall for the future?,7,"'How was this actually done/found?' curiosity is driving one of today's top outliers (How Was This Scene Actually Shot? at 41x), and a real discovery story with kids, a dog and a secret cave fits that hook for a family audience.","How Was This Koyla Scene Actually Shot? (41.2x, The Question); Tudo Que Dá Pra Desenhar (3.1x, drawing)",https://en.wikipedia.org/wiki/Lascaux ; https://www.historytoday.com/node/53687 ; https://catherinewilsongarry.substack.com/p/four-boys-and-a-dog-called-robot ; https://todayinhistory.blog/2017/09/12/,You've probably never heard how the most famous cave paintings in the world were found. [49 WEAK (The Impossible Claim)],~65 s (163 words at 150 wpm),"True story, 1940","Ends on the hook's question, so the replay restarts the story from the hole in the ground.","The Cave Found by 4 Teenagers in 1940 (100) | How 4 Teens Discovered 17,000-Year-Old Paintings (98, mobile) | The Dog That Helped Find Lascaux Cave 🐕 (94, no-number)","Subject: a prehistoric painted horse on a rough cave wall, lit warm orange from one side as if by a lamp, filling the frame. Text 'WALLS OF ART' in white with a black outline, top. Background: the dark edges of the cave fade to near-black so the orange painting and white text pop at feed size.",lascaux cave discovery | lascaux cave paintings | who discovered lascaux,"Q: Can you visit Lascaux? → The original cave is closed to protect it, but you can visit very detailed replicas nearby.
Q: Did the dog really find it? → That's how the story is usually told, but accounts differ a little, so we said 'the story goes'.","The true story of four teenagers who found 17,000-year-old cave art in 1940."
P2026-10-09-10,2026-10-09,quiz,A Cloud vs 100 Elephants: Which Is Heavier?,GUESS FAST!,"Which weighs more, a fluffy cloud or 100 elephants? You've got 3 seconds.",51 WEAK (Unclassified),100/100,"Which weighs more, a fluffy cloud or a hundred elephants? You've got three seconds.
Three questions, three seconds each. Say your answer out loud.
Three, two, one.
It's basically a tie!
A typical puffy cloud holds around a million pounds of water.
It only floats because all that water is spread out in tiny droplets over a huge space.
Question two. What weighs more: a blue whale's tongue, or an elephant?
Three, two, one.
Another tie! A blue whale's tongue can weigh about as much as a whole elephant.
Question three. When is the Eiffel Tower taller: in summer or in winter?
Three, two, one.
Summer! The iron expands in the heat, so the tower can grow by several centimeters.
So: two ties and a growing tower.
How many did you get right? Zero, one, two or all three? Tell me in the comments.
Okay, next round. Which weighs more, a fluffy cloud or a hundred elephants?","1 cloud 🆚 100 elephants
3 questions, 3 seconds
3… 2… 1…
🤝 Basically a tie!
~1 million pounds of water
Tiny droplets, spread out
Q2: Whale tongue 🆚 Elephant
3… 2… 1…
🤝 Another tie!
Q3: Eiffel Tower, summer or winter?
3… 2… 1…
☀️ Summer! Iron expands
2 ties + 1 growing tower
Your score? 👇
Next round…","fluffy white cumulus cloud next to a herd of elephants (split screen)
quiz show style title card
countdown timer
herd of elephants walking
time-lapse of puffy clouds
clouds drifting over a wide landscape
blue whale swimming next to an elephant (split screen)
countdown timer
blue whale surfacing
eiffel tower in summer and in winter (split screen)
countdown timer
eiffel tower on a sunny summer day
three answer cards flipping over
person typing on a phone
fluffy white cumulus cloud in blue sky","How much does a cloud weigh? About as much as 100 elephants. Try this 'which weighs more' quiz with 3 tricky questions: a cloud, the weight of a blue whale tongue, and the Eiffel Tower.

In this Short: three 3-second questions, with the surprising answer and the science behind each one.

Sources:
https://www.usgs.gov/water-science-school/science/how-much-does-a-cloud-weigh
https://www.guinnessworldrecords.com/world-records/83817-heaviest-tongue
https://interestingengineering.com/culture/the-eiffel-tower-grow-taller-each-summer",#shorts #quiz #funfacts #trivia,"which weighs more quiz, how much does a cloud weigh, blue whale tongue weight, eiffel tower grows in summer, trivia quiz, fun quiz, quiz shorts, science trivia, tricky questions, can you pass this quiz, fun facts, 3 second quiz","Bonus question: what do you think weighs more, all the ants on Earth or all the wild birds? Guess first, then look it up!",8,"Choice-game Shorts are breaking out today (¿Qué eliges en Minecraft? at 3.9x, 'Si dices el mismo jugador… PIERDES!' at 2.3x), and a 3-second pick-one quiz with surprising ties keeps people answering and posting scores.",¿Qué eliges en Minecraft? (3.9x); Si dices el mismo jugador… PIERDES! (2.3x); Bid for Island Survival,https://www.discoverwildlife.com/animal-facts/which-animal-has-the-longest-tongue ; https://www.guinnessworldrecords.com/world-records/83817-heaviest-tongue ; https://www.usgs.gov/water-science-school/science/how-much-does-a-cloud-weigh ; https://www.earthdate.org/episodes/puffy-clouds-weigh-in ; https://interestingengineering.com/culture/the-eiffel-tower-grow-taller-each-summer ; https://flaglerlive.com/why-the-eiffel-tower-gets-bigger-every-summer/,You'll get at least one of these 3 questions wrong. Let's find out. [45 WEAK (Unclassified)],~63 s (157 words at 150 wpm),Guess before it's gone ⏱️,"The last line asks the opening question again as 'next round', so the replay starts the quiz over.","A Cloud vs 100 Elephants: Which Is Heavier? (100, mobile) | Most People Fail This 3-Second Quiz (100) | 3 Quiz Questions That Fool Everyone (100)","Subject: split frame, a fluffy white cloud on the left and a grey elephant on the right, same size, facing each other, with a big 'VS' between. Text 'GUESS FAST!' in yellow with a black outline across the bottom. Background: bright blue sky on both halves so the white cloud and grey elephant both read at feed size.",how much does a cloud weigh | which weighs more quiz | blue whale tongue weight,"Q: If clouds are that heavy, why don't they fall? → The water is in tiny droplets spread over a huge area, and rising warm air keeps them up.
Q: Does the Eiffel Tower shrink in winter? → Yes, a little. The iron contracts in the cold, so it's slightly shorter.",A three-question 'which weighs more' quiz where two answers are ties and the third is a growing tower.
P2026-10-09-11,2026-10-09,tips,3 Tricks to Cut Onions Without Crying,NO MORE TEARS,"You're probably making the onion tears worse, and here's how to fix it with 3 tricks.",51 WEAK (The Mistake),100/100,"You're probably making the onion tears worse, and here's how to fix it with three tricks.
First, the reason it happens.
When you cut an onion, you break open its cells.
That sets off a reaction that makes a stingy gas.
It floats up, hits your eyes, and your eyes make tears to wash it out.
Trick one: chill it first.
Pop it in the fridge before cutting. Cold slows the reaction, so less gas reaches your eyes.
Trick two: use a really sharp knife.
A dull knife crushes the onion, and crushed cells release more of the stuff. A sharp blade slices clean.
Trick three: leave the root end for last.
That part is packed with more of the tear-making compounds, so cut around it.
That's it: chill it, sharpen it, and save the root for last.
Bonus: swimming goggles. They work, and look hilarious.
Which trick are you trying next time? Tell me below.
Because you're probably making the onion tears worse…","Onion tears? 😭
Why it happens
Cutting breaks cells
→ stingy gas
Gas hits eyes → tears
Trick 1: Chill it 🧊
Cold = less gas
Trick 2: Sharp knife 🔪
Clean slice, fewer tears
Trick 3: Root end last
Cut around it
Chill · Sharpen · Root last
Bonus: goggles 🥽
Which trick will you try? 👇
Making it worse?","person crying while chopping onions
onion layers close-up
knife cutting into an onion close-up
steam or vapor rising from cut onion
person wiping tears in a kitchen
onions in a refrigerator
person taking a cold onion out of the fridge
chef sharpening a knife
sharp knife slicing an onion cleanly
onion root end close-up
cutting an onion from the top
three onion halves on a board
person wearing swimming goggles in a kitchen
person smiling while cooking
person crying while chopping onions","How to cut onions without crying: chill the onion, use a sharp knife and save the root end for last. Why onions make you cry, plus 3 onion cutting tricks that work.

In this Short: the science behind onion tears and 3 easy kitchen tricks to stop them, with one funny bonus.

Sources:
https://misen.com/blogs/news/how-to-cut-an-onion-without-crying
https://ahealthiermichigan.org/stories/food-and-recipes/how-to-not-cry-cutting-an-onion
https://livestrong.com/article/13765312-how-to-cut-onions-without-crying",#shorts #kitchenhacks #cookingtips #lifehacks,"how to cut onions without crying, why do onions make you cry, onion tears, kitchen hacks, cooking tips, how to chop an onion, onion cutting tricks, cooking hacks, kitchen tips, food science, chef tricks, sharp knife tips",Bonus: the stingy gas is called syn-propanethial-S-oxide. Try saying that while chopping! Do you have a family trick for onion tears?,7,"Food and kitchen moments keep surfacing in today's outliers (Pasta challenge, UNO food challenge, maggi training at 20.7x), and a quick everyday fix with a funny goggles payoff gives viewers a reason to save and share.",maggi khane ki trening (20.7x); Hostel girls- Pasta challenge! (2.0x),https://misen.com/blogs/news/how-to-cut-an-onion-without-crying ; https://ahealthiermichigan.org/stories/food-and-recipes/how-to-not-cry-cutting-an-onion ; https://livestrong.com/article/13765312-how-to-cut-onions-without-crying,"If onions make you cry every single time, you're cutting them wrong. Try these 3 tricks. [48 WEAK (Unclassified)]",~66 s (164 words at 150 wpm),Stop the tears 🧅,"Ends on the hook's warning, so the replay re-delivers the fix.",3 Tricks to Cut Onions Without Crying (100) | Why Onions Make You Cry (and 3 Fixes) 🧅 (100) | 3 Chef Tricks for Tear-Free Onions (100),"Subject: a halved red onion on a cutting board with a sharp chef's knife beside it, shot from above, onion centred and large. Text 'NO MORE TEARS' in white with a black outline, top. Background: dark slate cutting board so the purple onion rings and white text pop at feed size.",how to cut onions without crying | why do onions make you cry | onion cutting tricks,"Q: Does cutting near water help? → Some people say it does, but chilling the onion and a sharp knife are the tricks with the clearest reasons behind them.
Q: Why do some onions make me cry more? → Onions vary a lot in how much of the tear-making stuff they have, so some are much stronger than others.","Why onions make you cry, and three simple kitchen tricks to stop it."
P2026-10-09-12,2026-10-09,explainer,Wrinkly Fingers Explained in 60 Seconds,NOT SOAKING,"You've had pruney fingers 100s of times, but the reason is actually your nervous system.",57 WORKABLE (The Origin),100/100,"You've had pruney fingers hundreds of times, but the reason is actually your nervous system.
Most people blame water soaking in. Here's the clue that says otherwise.
Doctors noticed that if the nerves in a finger are badly damaged, that finger doesn't wrinkle at all.
So it's not just soaking. Your nervous system is doing it.
After a few minutes in water, it tells the tiny blood vessels under your fingertips to tighten.
Your fingertips shrink a little underneath.
And the skin on top folds into those wrinkles.
But why would your body do that?
One idea is grip.
In one experiment, wrinkly fingers moved wet marbles between boxes faster.
Kind of like tire treads on a rainy road.
Scientists are still testing that idea, but it's a pretty cool one.
So next bath, you're not getting pruney, you're getting grippy.
What did you think caused it? Tell me in the comments.
Because you've had pruney fingers hundreds of times…","Pruney fingers? 🛁
Not just soaking
Clue: damaged nerves = no wrinkles
Your nervous system!
Blood vessels tighten
Fingertips shrink a bit
Skin folds = wrinkles
But why?
Idea: grip
Wet marbles, moved faster
Like tire treads
Still being tested 🧪
Pruney = grippy
What did you think? 👇
Pruney fingers…","close-up of wrinkly fingertips after a bath
hand soaking in a bowl of water
doctor examining a patient's hand
nervous system illustration
blood vessels animation
fingertip close-up
wrinkled skin macro shot
person looking curious
hand gripping a wet object
marbles in water
car tires on a wet road
scientist in a lab
child laughing in a bubble bath
person typing on a phone
close-up of wrinkly fingertips after a bath","Why do fingers wrinkle in water? It's your nervous system tightening the blood vessels in your fingertips, and scientists think pruney fingers might help you grip wet things.

In this Short: the nerve clue doctors noticed, how the wrinkles form, and the grip idea scientists are still testing.

Sources:
https://www.bioedonline.org/news/nature-news-archive/science-gets-grip-wrinkly-fingers/
https://www.scienceabc.com/eyeopeners/why-do-our-fingers-prune-when-they-get-wet.html
https://www.vice.com/en/article/why-do-fingers-and-toes-wrinkle-in-water",#shorts #science #explained #funfacts,"why do fingers wrinkle in water, pruney fingers, wrinkly fingers explained, why do fingers prune, fingers wrinkle nervous system, wrinkly fingers grip, science explained, human body facts, bath science, science facts, curious facts","Bonus fact: toes wrinkle too, which fits the grip idea for walking on wet ground. Did you think it was water soaking in?",8,"'The Question' formula is behind one of today's biggest breakouts (How Was This Scene Actually Shot? at 41x), and this answers an everyday question with a surprising myth-flip that drives comments.","How Was This Koyla Scene Actually Shot? (41.2x, The Question); Wrong Knowledge you Got for School",https://www.bioedonline.org/news/nature-news-archive/science-gets-grip-wrinkly-fingers/ ; https://www.scienceabc.com/eyeopeners/why-do-our-fingers-prune-when-they-get-wet.html ; https://www.vice.com/en/article/why-do-fingers-and-toes-wrinkle-in-water ; https://eniscuola.eni.com/en-IT/news/2025/the-mystery-of-pruney-fingers-revealed.html,Why do your fingers wrinkle in water? It's not what you think. [47 WEAK (The Question)],~64 s (160 words at 150 wpm),It's not the water 🤔,"Ends on the hook's setup, so the replay delivers 'the reason is actually your nervous system' again.","Wrinkly Fingers Explained in 60 Seconds (100) | Why Do Your Fingers Wrinkle in Water? (98, no-number) | The Real Reason Fingers Get Pruney 🛁 (94, no-number)","Subject: an extreme close-up of wrinkly fingertips gripping a wet glass marble, sharp focus on the ridges. Text 'NOT SOAKING' in white with a black outline, top. Background: soft-blurred blue bathwater so the pink fingertips and white text separate at feed size.",why do fingers wrinkle in water | pruney fingers explained | why do fingers prune,"Q: Do toes wrinkle too? → Yes, toes wrinkle the same way, which fits the grip idea for walking on wet ground.
Q: How long does it take? → Usually a few minutes in warm water, and the wrinkles fade soon after you dry off.","Why fingers wrinkle in water: your nervous system does it on purpose, maybe for grip."
